{
    "questions":[
        {
            "category": 1,
            "question": "First Category Question 1",
            "answerLeft": "Correct Answer",
            "answerRight": "False Answer",
            "correctAnswer": 0
        },
        {
            "category": 1,
            "question": "First Category Question 2",
            "answerLeft": "False Answer",
            "answerRight": "Correct Answer",
            "correctAnswer": 1
        },
        {
            "category": 1,
            "question": "First Category Question 3",
            "answerLeft": "Correct Answer",
            "answerRight": "False Answer",
            "correctAnswer": 0
        },
        {
            "category": 1,
            "question": "First Category Question 4",
            "answerLeft": "False Answer",
            "answerRight": "Correct Answer",
            "correctAnswer": 1
        },
        {
            "category": 1,
            "question": "First Category Question 5",
            "answerLeft": "Correct Answer",
            "answerRight": "False Answer",
            "correctAnswer": 0
        },
        {
            "category": 1,
            "question": "First Category Question 6",
            "answerLeft": "False Answer",
            "answerRight": "Correct Answer",
            "correctAnswer": 1
        },
        {
            "category": 1,
            "question": "First Category Question 7",
            "answerLeft": "Correct Answer",
            "answerRight": "False Answer",
            "correctAnswer": 0
        },
        {
            "category": 1,
            "question": "First Category Question 8",
            "answerLeft": "False Answer",
            "answerRight": "Correct Answer",
            "correctAnswer": 1
        },
        {
            "category": 1,
            "question": "First Category Question 9",
            "answerLeft": "Correct Answer",
            "answerRight": "False Answer",
            "correctAnswer": 0
        },
        {
            "category": 1,
            "question": "First Category Question 10",
            "answerLeft": "False Answer",
            "answerRight": "Correct Answer",
            "correctAnswer": 1
        },
        {
            "category": 2,
            "question": "Second Category Question 1",
            "answerLeft": "Correct Answer",
            "answerRight": "False Answer",
            "correctAnswer": 0
        },
        {
            "category": 2,
            "question": "Second Category Question 2",
            "answerLeft": "False Answer",
            "answerRight": "Correct Answer",
            "correctAnswer": 1
        },
        {
            "category": 2,
            "question": "Second Category Question 3",
            "answerLeft": "Correct Answer",
            "answerRight": "False Answer",
            "correctAnswer": 0
        },
        {
            "category": 2,
            "question": "Second Category Question 4",
            "answerLeft": "False Answer",
            "answerRight": "Correct Answer",
            "correctAnswer": 1
        },
        {
            "category": 2,
            "question": "Second Category Question 5",
            "answerLeft": "Correct Answer",
            "answerRight": "False Answer",
            "correctAnswer": 0
        },
        {
            "category": 2,
            "question": "Second Category Question 6",
            "answerLeft": "False Answer",
            "answerRight": "Correct Answer",
            "correctAnswer": 1
        },
        {
            "category": 2,
            "question": "Second Category Question 7",
            "answerLeft": "Correct Answer",
            "answerRight": "False Answer",
            "correctAnswer": 0
        },
        {
            "category": 2,
            "question": "Second Category Question 8",
            "answerLeft": "False Answer",
            "answerRight": "Correct Answer",
            "correctAnswer": 1
        },
        {
            "category": 2,
            "question": "Second Category Question 9",
            "answerLeft": "Correct Answer",
            "answerRight": "False Answer",
            "correctAnswer": 0
        },
        {
            "category": 2,
            "question": "Second Category Question 10",
            "answerLeft": "False Answer",
            "answerRight": "Correct Answer",
            "correctAnswer": 1
        },
        {
            "category": 3,
            "question": "Third Category Question 1",
            "answerLeft": "Correct Answer",
            "answerRight": "False Answer",
            "correctAnswer": 0
        },
        {
            "category": 3,
            "question": "Third Category Question 2",
            "answerLeft": "False Answer",
            "answerRight": "Correct Answer",
            "correctAnswer": 1
        },
        {
            "category": 3,
            "question": "Third Category Question 3",
            "answerLeft": "Correct Answer",
            "answerRight": "False Answer",
            "correctAnswer": 0
        },
        {
            "category": 3,
            "question": "Third Category Question 4",
            "answerLeft": "False Answer",
            "answerRight": "Correct Answer",
            "correctAnswer": 1
        },
        {
            "category": 3,
            "question": "Third Category Question 5",
            "answerLeft": "Correct Answer",
            "answerRight": "False Answer",
            "correctAnswer": 0
        },
        {
            "category": 3,
            "question": "Third Category Question 6",
            "answerLeft": "False Answer",
            "answerRight": "Correct Answer",
            "correctAnswer": 1
        },
        {
            "category": 3,
            "question": "Third Category Question 7",
            "answerLeft": "Correct Answer",
            "answerRight": "False Answer",
            "correctAnswer": 0
        },
        {
            "category": 3,
            "question": "Third Category Question 8",
            "answerLeft": "False Answer",
            "answerRight": "Correct Answer",
            "correctAnswer": 1
        },
        {
            "category": 3,
            "question": "Third Category Question 9",
            "answerLeft": "Correct Answer",
            "answerRight": "False Answer",
            "correctAnswer": 0
        },
        {
            "category": 3,
            "question": "Third Category Question 10",
            "answerLeft": "False Answer",
            "answerRight": "Correct Answer",
            "correctAnswer": 1
        }
    ]
}
